<selra>
    <students>
        <student>
            <id>1</id>
            <name>Etienne Costa</name>
            <age>26</age>
            <characteristics>
                <characteristic>Optimism</characteristic>
                <characteristic>Determination</characteristic>
                <characteristic>Resilience</characteristic>
                <characteristic>Autodidact</characteristic>
                <characteristic>Responsibility</characteristic>
                <characteristic>Attention</characteristic>
                <characteristic>Deficit</characteristic>
                <characteristic>Motivation</characteristic>
            </characteristics>
        </student>
        <student>
            <id>2</id>
            <name>Mauricio Salgado</name>
            <age>25</age>
            <characteristics>
                <characteristic>Hyperactivity</characteristic>
                <characteristic>Courage</characteristic>
                <characteristic>Determination</characteristic>
                <characteristic>Attention Deficit</characteristic>
            </characteristics>
        </student>
        <student>
            <id>3</id>
            <name>Rui Azevedo</name>
            <age>25</age>
            <characteristics>
                <characteristic>Patience</characteristic>
                <characteristic>Creativity</characteristic>
                <characteristic>Autodidact</characteristic>
                <characteristic>Self Confidence</characteristic>
                <characteristic>Humility</characteristic>
            </characteristics>
        </student>
        <student>
            <id>4</id>
            <name>Joana Cruz</name>
            <age>26</age>
            <characteristics>
                <characteristic>Integrity</characteristic>
                <characteristic>Hyperactivity</characteristic>
                <characteristic>Responsibility</characteristic>
                <characteristic>Determination</characteristic>
                <characteristic>Self Confidence</characteristic>
            </characteristics>
        </student>
        <student>
            <id>5</id>
            <name>Pedro Costa</name>
            <age>22</age>
            <characteristics>
                <characteristic>Optimism</characteristic>
                <characteristic>Focus</characteristic>
                <characteristic>Responsibility</characteristic>
                <characteristic>Determination</characteristic>
                <characteristic>Autodidact</characteristic>
            </characteristics>
        </student>
        <student>
            <id>6</id>
            <name>Miguel Quaresma</name>
            <age>23</age>
            <characteristics>
                <characteristic>Autodidact</characteristic>
                <characteristic>Persistence</characteristic>
                <characteristic>Determination</characteristic>
                <characteristic>Humility</characteristic>
                <characteristic>Responsibility</characteristic>
            </characteristics>
        </student>
    </students>
    <languages>
        <language>
            <id>1</id>
            <name>Java</name>
        </language>
        <language>
            <id>2</id>
            <name>C</name>
        </language>
        <language>
            <id>3</id>
            <name>Cplusplus</name>
        </language>
        <language>
            <id>4</id>
            <name>CSharp</name>
        </language>
        <language>
            <id>5</id>
            <name>Python</name>
        </language>
        <language>
            <id>6</id>
            <name>JavaScript</name>
        </language>
        <language>
            <id>7</id>
            <name>Perl</name>
        </language>
        <language>
            <id>8</id>
            <name>Assembly</name>
        </language>
        <language>
            <id>9</id>
            <name>pHp</name>
        </language>
        <language>
            <id>10</id>
            <name>Ruby</name>
        </language>
        <language>
            <id>11</id>
            <name>Go</name>
        </language>
        <language>
            <id>12</id>
            <name>Swift</name>
        </language>
        <language>
            <id>13</id>
            <name>SQL</name>
        </language>
        <language>
            <id>14</id>
            <name>Prolog</name>
        </language>
        <language>
            <id>15</id>
            <name>Haskell</name>
        </language>
    </languages>
    
    <learnings>
        <learning>
            <id>1</id>
            <name>Games</name>
            <range>
                <lowerbound>8</lowerbound>
                <upperbound>30</upperbound>
            </range>
            <description>Learning Through Play Using Games to Educate</description>
            <characteristics>
                <characteristic>Focus</characteristic>
                <characteristic>Optimism</characteristic>
                <characteristic>Persistence</characteristic>
                <characteristic>Creativity</characteristic>
                <characteristic>Determination</characteristic>
            </characteristics>
            <contents>
                <content>
                    <name>Java</name>
                    <concepts>
                        <concept>
                            <name>Syntax</name>
                            <url>codecombat.com</url>
                        </concept>
                        <concept>
                            <name>Data Types</name>
                            <url>codecombat.com</url>
                        </concept>
                        <concept>
                            <name>Switch</name>
                            <url>codecombat.com</url>
                        </concept>
                        <concept>
                            <name>Methods</name>
                            <url>www</url>
                        </concept>
                        <concept>
                            <name>Scope</name>
                            <url>www</url>
                        </concept>
                        <concept>
                            <name>Encapsulation</name>
                            <url>www</url>
                        </concept>
                        <concept>
                            <name>Inheritance</name>
                            <url>www</url>
                        </concept>
                        <concept>
                            <name>Threads</name>
                            <url>www</url>
                        </concept>
                        <concept>
                            <name>Regex</name>
                            <url>www</url>
                        </concept>
                    </concepts>
                </content>
                <content>
                    <name>Haskell</name>
                    <concepts>
                        <concept>
                            <name>Functions</name>
                            <url>www</url>
                        </concept>
                        <concept>
                            <name>Function Composition</name>
                            <url>www</url>
                        </concept>
                        <concept>
                            <name>Modules</name>
                            <url>www</url>
                        </concept>
                        <concept>
                            <name>IO</name>
                            <url>www</url>
                        </concept>
                        <concept>
                            <name>Functor</name>
                            <url>www</url>
                        </concept>
                        <concept>
                            <name>Monads</name>
                            <url>www</url>
                        </concept>
                        <concept>
                            <name>Zippers</name>
                            <url>www</url>
                        </concept>
                    </concepts>
                </content>
                <content>
                    <name>Prolog</name>
                    <concepts>
                        <concept>
                            <name>Clauses and Predicates</name>
                            <url>www</url>
                        </concept>
                        <concept>
                            <name>Satisfying Goals</name>
                            <url>www</url>
                        </concept>
                        <concept>
                            <name>Operations and Arithmetic</name>
                            <url>www</url>
                        </concept>
                        <concept>
                            <name>Backtracking</name>
                            <url>www</url>
                        </concept>
                        <concept>
                            <name>Functor</name>
                            <url>www</url>
                        </concept>
                        <concept>
                            <name>Loops</name>
                            <url>www</url>
                        </concept>
                    </concepts>
                </content>
                <content>
                    <name>C</name>
                    <concepts>
                        <concept>
                            <name>Decision Control Structures</name>
                            <url>www</url>
                        </concept>
                        <concept>
                            <name>Loop Control Structures</name>
                            <url>www</url>
                        </concept>
                        <concept>
                            <name>Functions</name>
                            <url>www</url>
                        </concept>
                        <concept>
                            <name>Arrays</name>
                            <url>www</url>
                        </concept>
                        <concept>
                            <name>Pointers</name>
                            <url>www</url>
                        </concept>
                    </concepts>
                </content>
            </contents>
        </learning>
        <learning>
            <id>2</id>
            <name>Youtube</name>
            <range>
                <lowerbound>9</lowerbound>
                <upperbound>40</upperbound>
            </range>
            <description>Using Video Content to Amplify Learning</description>
            <characteristics>
                <characteristic>Patience</characteristic>
                <characteristic>Attention</characteristic>
                <characteristic>Focus</characteristic>
                <characteristic>Persistence</characteristic>
            </characteristics>
            <contents>
                <content>
                    <name>C</name>
                    <concepts>
                        <concept>
                            <name>File Handling</name>
                            <url>www</url>
                        </concept>
                        <concept>
                            <name>Structure and Union</name>
                            <url>www</url>
                        </concept>
                        <concept>
                            <name>Pointers</name>
                            <url>www</url>
                        </concept>
                        <concept>
                            <name>Arrays and Strings</name>
                            <url>www</url>
                        </concept>
                        <concept>
                            <name>Functions</name>
                            <url>www</url>
                        </concept>
                    </concepts>
                </content>
                <content>
                    <name>SQL</name>
                    <concepts>
                        <concept>
                            <name>Select</name>
                            <url>www</url>
                        </concept>
                        <concept>
                            <name>Where</name>
                            <url>www</url>
                        </concept>
                        <concept>
                            <name>Count</name>
                            <url>www</url>
                        </concept>
                        <concept>
                            <name>Avg</name>
                            <url>www</url>
                        </concept>
                        <concept>
                            <name>Sum</name>
                            <url>www</url>
                        </concept>
                        <concept>
                            <name>Joins</name>
                            <url>www</url>
                        </concept>
                        <concept>
                            <name>Keys</name>
                            <url>www</url>
                        </concept>
                        <concept>
                            <name>CRUD</name>
                            <url>www</url>
                        </concept>
                    </concepts>
                </content>
                <content>
                    <name>Python</name>
                    <concepts>
                        <concept>
                            <name>Syntax</name>
                            <url>www</url>
                        </concept>
                        <concept>
                            <name>Comments</name>
                            <url>www</url>
                        </concept>
                        <concept>
                            <name>Variables</name>
                            <url>www</url>
                        </concept>
                        <concept>
                            <name>Casting</name>
                            <url>www</url>
                        </concept>
                        <concept>
                            <name>Lists</name>
                            <url>www</url>
                        </concept>
                        <concept>
                            <name>Dictionaries</name>
                            <url>www</url>
                        </concept>
                        <concept>
                            <name>Functions</name>
                            <url>www</url>
                        </concept>
                        <concept>
                            <name>Lambda</name>
                            <url>www</url>
                        </concept>
                        <concept>
                            <name>Iterators</name>
                            <url>www</url>
                        </concept>
                    </concepts>
                </content>
                <content>
                    <name>JavaScript</name>
                    <concepts>
                        <concept>
                            <name>Statements</name>
                            <url>www</url>
                        </concept>
                        <concept>
                            <name>Variables</name>
                            <url>www</url>
                        </concept>
                        <concept>
                            <name>Operators</name>
                            <url>www</url>
                        </concept>
                        <concept>
                            <name>Objects</name>
                            <url>www</url>
                        </concept>
                        <concept>
                            <name>For Loop</name>
                            <url>www</url>
                        </concept>
                        <concept>
                            <name>this</name>
                            <url>www</url>
                        </concept>
                    </concepts>
                </content>
            </contents>
        </learning>
        <learning>
            <id>3</id>
            <name>SlideShare</name>
            <range>
                <lowerbound>8</lowerbound>
                <upperbound>50</upperbound>
            </range>
            <description>Share and Discover Knowledge on SlideShare</description>
            <characteristics>
                <characteristic>Resilience</characteristic>
                <characteristic>Responsibility</characteristic>
                <characteristic>Determination</characteristic>
                <characteristic>Focus</characteristic>
            </characteristics>
            <contents>
                <content>
                    <name>Assembly</name>
                    <concepts>
                        <concept>
                            <name>Syntax</name>
                            <url>www</url>
                        </concept>
                        <concept>
                            <name>Memory Segments</name>
                            <url>www</url>
                        </concept>
                        <concept>
                            <name>Registers</name>
                            <url>www</url>
                        </concept>
                        <concept>
                            <name>System Calls</name>
                            <url>www</url>
                        </concept>
                        <concept>
                            <name>Conditions</name>
                            <url>www</url>
                        </concept>
                        <concept>
                            <name>Loops</name>
                            <url>www</url>
                        </concept>
                    </concepts>
                </content>
                <content>
                    <name>Swift</name>
                    <concepts>
                        <concept>
                            <name>Syntax</name>
                            <url>www</url>
                        </concept>
                        <concept>
                            <name>Data Types</name>
                            <url>www</url>
                        </concept>
                        <concept>
                            <name>Variables</name>
                            <url>www</url>
                        </concept>
                        <concept>
                            <name>Tuples</name>
                            <url>www</url>
                        </concept>
                        <concept>
                            <name>Dictionaries</name>
                            <url>www</url>
                        </concept>
                        <concept>
                            <name>Functions</name>
                            <url>www</url>
                        </concept>
                        <concept>
                            <name>Structures</name>
                            <url>www</url>
                        </concept>
                    </concepts>
                </content>
                <content>
                    <name>Perl</name>
                    <concepts>
                        <concept>
                            <name>Syntax</name>
                            <url>www</url>
                        </concept>
                        <concept>
                            <name>Data Types</name>
                            <url>www</url>
                        </concept>
                        <concept>
                            <name>Scalars</name>
                            <url>www</url>
                        </concept>
                        <concept>
                            <name>Arrays</name>
                            <url>www</url>
                        </concept>
                        <concept>
                            <name>Directories</name>
                            <url>www</url>
                        </concept>
                        <concept>
                            <name>File IO</name>
                            <url>www</url>
                        </concept>
                        <concept>
                            <name>Regex</name>
                            <url>www</url>
                        </concept>
                    </concepts>
                </content>
                <content>
                    <name>C</name>
                    <concepts>
                        <concept>
                            <name>File Handling</name>
                            <url>www</url>
                        </concept>
                        <concept>
                            <name>Structure and Union</name>
                            <url>www</url>
                        </concept>
                        <concept>
                            <name>Pointers</name>
                            <url>www</url>
                        </concept>
                        <concept>
                            <name>Arrays and Strings</name>
                            <url>www</url>
                        </concept>
                        <concept>
                            <name>Functions</name>
                            <url>www</url>
                        </concept>
                    </concepts>
                </content>
            </contents>
        </learning>
        <learning>
            <id>4</id>
            <name>Books</name>
            <range>
                <lowerbound>7</lowerbound>
                <upperbound>70</upperbound>
            </range>
            <description>The man who does not read good books has no advantage over the man who does not know how to read</description>
            <characteristics>
                <characteristic>Determination</characteristic>
                <characteristic>Autodidact</characteristic>
                <characteristic>Responsibility</characteristic>
                <characteristic>Patience</characteristic>
                <characteristic>Focus</characteristic>
            </characteristics>
            <contents>
                <content>
                    <name>Haskell</name>
                    <concepts>
                        <concept>
                            <name>All concepts of the language</name>
                            <url>www</url>
                        </concept>
                    </concepts>
                </content>
                <content>
                    <name>pHp</name>
                    <concepts>
                        <concept>
                            <name>All concepts of the language</name>
                            <url>www</url>
                        </concept>
                    </concepts>
                </content>
                <content>
                    <name>Python</name>
                    <concepts>
                        <concept>
                            <name>All concepts of the language</name>
                            <url>www</url>
                        </concept>
                    </concepts>
                </content>
                <content>
                    <name>Ruby</name>
                    <concepts>
                        <concept>
                            <name>All concepts of the language</name>
                            <url>www</url>
                        </concept>
                    </concepts>
                </content>
            </contents>
        </learning>
        <learning>
            <id>5</id>
            <name>Podcast</name>
            <range>
                <lowerbound>15</lowerbound>
                <upperbound>50</upperbound>
            </range>
            <description>Podcasting in education takes learning beyond the limits of the classroom</description>
            <characteristics>
                <characteristic>Creativity</characteristic>
                <characteristic>Hyperactivity</characteristic>
                <characteristic>Focus</characteristic>
            </characteristics>
            <contents>
                <content>
                    <name>Python</name>
                    <concepts>
                        <concept>
                            <name>Certain concepts of the  programming languages</name>
                            <url>www</url>
                        </concept>
                    </concepts>
                </content>
                <content>
                    <name>Swift</name>
                    <concepts>
                        <concept>
                            <name>Certain concepts of the  programming languages</name>
                            <url>www</url>
                        </concept>
                    </concepts>
                </content>
                <content>
                    <name>JavaScript</name>
                    <concepts>
                        <concept>
                            <name>Certain concepts of the  programming languages</name>
                            <url>www</url>
                        </concept>
                    </concepts>
                </content>
            </contents>
        </learning>
        <learning>
            <id>6</id>
            <name>Quiz</name>
            <range>
                <lowerbound>10</lowerbound>
                <upperbound>50</upperbound>
            </range>
            <description>Test your Knowledge</description>
            <characteristics>
                <characteristic>Self Confidence</characteristic>
                <characteristic>Determination</characteristic>
                <characteristic>Resilience</characteristic>
                <characteristic>Patience</characteristic>
                <characteristic>Focus</characteristic>
                <characteristic>Autodidact</characteristic>
                <characteristic>Hyperactivity</characteristic>
            </characteristics>
            <contents>
                <content>
                    <name>Python</name>
                    <concepts>
                        <concept>
                            <name>Certain concepts of the  programming languages</name>
                            <url>www</url>
                        </concept>
                    </concepts>
                </content>
                <content>
                    <name>Java</name>
                    <concepts>
                        <concept>
                            <name>Certain concepts of the  programming languages</name>
                            <url>www</url>
                        </concept>
                    </concepts>
                </content>
                <content>
                    <name>pHp</name>
                    <concepts>
                        <concept>
                            <name>Certain concepts of the  programming languages</name>
                            <url>www</url>
                        </concept>
                    </concepts>
                </content>
                <content>
                    <name>SQL</name>
                    <concepts>
                        <concept>
                            <name>Certain concepts of the  programming languages</name>
                            <url>www</url>
                        </concept>
                    </concepts>
                </content>
            </contents>
        </learning>

        <learning>
            <id>7</id>
            <name>CodeBoard</name>
            <range>
                <lowerbound>10</lowerbound>
                <upperbound>50</upperbound>
            </range>
            <description>A web based IDE to teach programming in the classroom.</description>
            <characteristics>
                <characteristic>Optimism</characteristic>
                <characteristic>Determination</characteristic>
                <characteristic>Resilience</characteristic>
                <characteristic>Autodidact</characteristic>
                <characteristic>Responsibility</characteristic>
                <characteristic>Attention</characteristic>
                <characteristic>Deficit</characteristic>
                <characteristic>Motivation</characteristic>
            </characteristics>
            <contents>
                <content>
                    <name>Haskell</name>
                    <concepts>
                        <concept>
                            <name>Certain concepts of the  programming languages</name>
                            <url>www</url>
                        </concept>
                    </concepts>
                </content>
                <content>
                    <name>C</name>
                    <concepts>
                        <concept>
                            <name>Certain concepts of the  programming languages</name>
                            <url>www</url>
                        </concept>
                    </concepts>
                </content>
            </contents>
        </learning>
    </learnings>
</selra>